BuildingID,Hour,Avg
4,9,68.2	
12,9,67.1428571429	
19,9,69.8333333333	
4,10,71.9166666667	
4,11,67.0	
4,12,66.3846153846	
4,13,70.0	
4,14,69.1428571429	
4,15,65.5	
4,16,68.8	
12,10,66.5	
12,11,71.1538461538	
12,12,72.8571428571	
12,13,68.3076923077	
12,14,69.625	
12,15,68.6153846154	
12,16,67.1666666667	
19,10,69.5	
19,11,68.875	
19,12,67.3333333333	
19,13,71.4615384615	
19,14,70.1538461538	
19,15,72.3846153846	
19,16,73.75	
